<?xml version="1.0" encoding="UTF-8"?>
<project-private xmlns="http://www.netbeans.org/ns/project-private/1">
    <editor-bookmarks xmlns="http://www.netbeans.org/ns/editor-bookmarks/2" lastBookmarkId="0"/>
    <open-files xmlns="http://www.netbeans.org/ns/projectui-open-files/2">
        <group>
            <file>file:/D:/SEMESTER%203/PBO/BANTU%20KILL/LatihanP10Hafidramadhan%20-%20Salin/src/latihanp10Rhojay/Tampilan.java</file>
            <file>file:/D:/SEMESTER%203/PBO/BANTU%20KILL/LatihanP10Hafidramadhan%20-%20Salin/src/latihanp10Rhojay/Buku.java</file>
            <file>file:/D:/SEMESTER%203/PBO/BANTU%20KILL/LatihanP10Hafidramadhan%20-%20Salin/src/latihanp10Rhojay/ValidasiInputException.java</file>
        </group>
    </open-files>
</project-private>
